Env;Object Types;Num of Objects;Seed;Gamma;Episode #;Alpha;Epsilon;Cumulative Reward;Total Steps;Goal Reached
cafeWorld;1;1;32;0.900000;0;0.300000;0.990000;-35.91;500;False
cafeWorld;1;1;32;0.900000;1;0.300000;0.980100;-29.83;500;False
cafeWorld;1;1;32;0.900000;2;0.300000;0.970299;-35.05;500;False
cafeWorld;1;1;32;0.900000;3;0.300000;0.960596;-36.47;336;False
cafeWorld;1;1;32;0.900000;4;0.300000;0.950990;-32.23;500;False
cafeWorld;1;1;32;0.900000;5;0.300000;0.941480;-37.05;31;False
cafeWorld;1;1;32;0.900000;6;0.300000;0.932065;-34.41;190;False
cafeWorld;1;1;32;0.900000;7;0.300000;0.922745;-34.38;500;False
cafeWorld;1;1;32;0.900000;8;0.300000;0.913517;-33.81;500;False
cafeWorld;1;1;32;0.900000;9;0.300000;0.904382;-33.47;500;False
cafeWorld;1;1;32;0.900000;10;0.300000;0.895338;-33.70;500;False
cafeWorld;1;1;32;0.900000;11;0.300000;0.886385;-32.27;495;False
cafeWorld;1;1;32;0.900000;12;0.300000;0.877521;-33.66;500;False
cafeWorld;1;1;32;0.900000;13;0.300000;0.868746;-28.02;500;False
cafeWorld;1;1;32;0.900000;14;0.300000;0.860058;-34.33;500;False
cafeWorld;1;1;32;0.900000;15;0.300000;0.851458;-31.22;500;False
cafeWorld;1;1;32;0.900000;16;0.300000;0.842943;-33.48;500;False
cafeWorld;1;1;32;0.900000;17;0.300000;0.834514;-32.96;500;False
cafeWorld;1;1;32;0.900000;18;0.300000;0.826169;-28.37;500;False
cafeWorld;1;1;32;0.900000;19;0.300000;0.817907;-30.47;500;False
cafeWorld;1;1;32;0.900000;20;0.300000;0.809728;-36.04;500;False
cafeWorld;1;1;32;0.900000;21;0.300000;0.801631;-35.48;500;False
cafeWorld;1;1;32;0.900000;22;0.300000;0.793614;-33.25;500;False
cafeWorld;1;1;32;0.900000;23;0.300000;0.785678;-35.60;500;False
cafeWorld;1;1;32;0.900000;24;0.300000;0.777821;-30.69;500;False
cafeWorld;1;1;32;0.900000;25;0.300000;0.770043;-35.16;500;False
cafeWorld;1;1;32;0.900000;26;0.300000;0.762343;-29.61;500;False
cafeWorld;1;1;32;0.900000;27;0.300000;0.754719;-32.90;216;False
cafeWorld;1;1;32;0.900000;28;0.300000;0.747172;-27.31;500;False
cafeWorld;1;1;32;0.900000;29;0.300000;0.739700;-31.88;500;False
cafeWorld;1;1;32;0.900000;30;0.300000;0.732303;-29.77;500;False
cafeWorld;1;1;32;0.900000;31;0.300000;0.724980;-25.11;500;False
cafeWorld;1;1;32;0.900000;32;0.300000;0.717731;-28.73;421;False
cafeWorld;1;1;32;0.900000;33;0.300000;0.710553;-31.94;500;False
cafeWorld;1;1;32;0.900000;34;0.300000;0.703448;-36.03;500;False
cafeWorld;1;1;32;0.900000;35;0.300000;0.696413;-27.56;271;False
cafeWorld;1;1;32;0.900000;36;0.300000;0.689449;-25.31;258;False
cafeWorld;1;1;32;0.900000;37;0.300000;0.682555;-34.40;500;False
cafeWorld;1;1;32;0.900000;38;0.300000;0.675729;-33.76;500;False
cafeWorld;1;1;32;0.900000;39;0.300000;0.668972;-36.11;500;False
cafeWorld;1;1;32;0.900000;40;0.300000;0.662282;-26.64;500;False
cafeWorld;1;1;32;0.900000;41;0.300000;0.655659;-31.24;500;False
cafeWorld;1;1;32;0.900000;42;0.300000;0.649103;-30.08;500;False
cafeWorld;1;1;32;0.900000;43;0.300000;0.642612;-27.24;500;False
cafeWorld;1;1;32;0.900000;44;0.300000;0.636185;-28.30;500;False
cafeWorld;1;1;32;0.900000;45;0.300000;0.629824;-29.48;500;False
cafeWorld;1;1;32;0.900000;46;0.300000;0.623525;-31.94;500;False
cafeWorld;1;1;32;0.900000;47;0.300000;0.617290;-35.95;500;False
cafeWorld;1;1;32;0.900000;48;0.300000;0.611117;-33.47;500;False
cafeWorld;1;1;32;0.900000;49;0.300000;0.605006;-29.84;500;False
cafeWorld;1;1;32;0.900000;50;0.300000;0.598956;-27.30;500;False
cafeWorld;1;1;32;0.900000;51;0.300000;0.592966;-27.31;500;False
cafeWorld;1;1;32;0.900000;52;0.300000;0.587037;-25.53;500;False
cafeWorld;1;1;32;0.900000;53;0.300000;0.581166;-25.60;500;False
cafeWorld;1;1;32;0.900000;54;0.300000;0.575355;-31.14;500;False
cafeWorld;1;1;32;0.900000;55;0.300000;0.569601;-30.27;201;False
cafeWorld;1;1;32;0.900000;56;0.300000;0.563905;-29.84;500;False
cafeWorld;1;1;32;0.900000;57;0.300000;0.558266;-30.67;500;False
cafeWorld;1;1;32;0.900000;58;0.300000;0.552683;-26.83;500;False
cafeWorld;1;1;32;0.900000;59;0.300000;0.547157;-24.60;500;False
cafeWorld;1;1;32;0.900000;60;0.300000;0.541685;-23.96;500;False
cafeWorld;1;1;32;0.900000;61;0.300000;0.536268;-24.99;256;False
cafeWorld;1;1;32;0.900000;62;0.300000;0.530906;-30.42;500;False
cafeWorld;1;1;32;0.900000;63;0.300000;0.525596;-26.57;500;False
cafeWorld;1;1;32;0.900000;64;0.300000;0.520341;-31.06;500;False
cafeWorld;1;1;32;0.900000;65;0.300000;0.515137;-29.94;338;False
cafeWorld;1;1;32;0.900000;66;0.300000;0.509986;-25.27;500;False
cafeWorld;1;1;32;0.900000;67;0.300000;0.504886;-30.18;500;False
cafeWorld;1;1;32;0.900000;68;0.300000;0.499837;-27.80;500;False
cafeWorld;1;1;32;0.900000;69;0.300000;0.494839;-25.11;500;False
cafeWorld;1;1;32;0.900000;70;0.300000;0.489890;-24.92;500;False
cafeWorld;1;1;32;0.900000;71;0.300000;0.484991;-21.00;500;False
cafeWorld;1;1;32;0.900000;72;0.300000;0.480141;-27.50;500;False
cafeWorld;1;1;32;0.900000;73;0.300000;0.475340;-28.87;500;False
cafeWorld;1;1;32;0.900000;74;0.300000;0.470587;-24.45;500;False
cafeWorld;1;1;32;0.900000;75;0.300000;0.465881;-27.46;500;False
cafeWorld;1;1;32;0.900000;76;0.300000;0.461222;-28.12;477;False
cafeWorld;1;1;32;0.900000;77;0.300000;0.456610;-26.95;500;False
cafeWorld;1;1;32;0.900000;78;0.300000;0.452044;-30.81;500;False
cafeWorld;1;1;32;0.900000;79;0.300000;0.447523;-28.58;500;False
cafeWorld;1;1;32;0.900000;80;0.300000;0.443048;-32.44;500;False
cafeWorld;1;1;32;0.900000;81;0.300000;0.438618;-30.50;393;False
cafeWorld;1;1;32;0.900000;82;0.300000;0.434231;-30.69;500;False
cafeWorld;1;1;32;0.900000;83;0.300000;0.429889;-31.03;500;False
cafeWorld;1;1;32;0.900000;84;0.300000;0.425590;-25.91;500;False
cafeWorld;1;1;32;0.900000;85;0.300000;0.421334;-23.22;500;False
cafeWorld;1;1;32;0.900000;86;0.300000;0.417121;-30.34;500;False
cafeWorld;1;1;32;0.900000;87;0.300000;0.412950;-24.52;500;False
cafeWorld;1;1;32;0.900000;88;0.300000;0.408820;-25.09;500;False
cafeWorld;1;1;32;0.900000;89;0.300000;0.404732;-23.67;500;False
cafeWorld;1;1;32;0.900000;90;0.300000;0.400685;-29.68;500;False
cafeWorld;1;1;32;0.900000;91;0.300000;0.396678;-26.86;500;False
cafeWorld;1;1;32;0.900000;92;0.300000;0.392711;-24.93;500;False
cafeWorld;1;1;32;0.900000;93;0.300000;0.388784;-30.31;461;False
cafeWorld;1;1;32;0.900000;94;0.300000;0.384896;-24.61;500;False
cafeWorld;1;1;32;0.900000;95;0.300000;0.381047;-26.97;500;False
cafeWorld;1;1;32;0.900000;96;0.300000;0.377237;-26.47;500;False
cafeWorld;1;1;32;0.900000;97;0.300000;0.373464;-23.26;500;False
cafeWorld;1;1;32;0.900000;98;0.300000;0.369730;-26.56;500;False
cafeWorld;1;1;32;0.900000;99;0.300000;0.366032;-22.52;500;False
cafeWorld;1;1;32;0.900000;100;0.300000;0.362372;-24.40;193;False
cafeWorld;1;1;32;0.900000;101;0.300000;0.358748;-24.28;500;False
cafeWorld;1;1;32;0.900000;102;0.300000;0.355161;-29.90;500;False
cafeWorld;1;1;32;0.900000;103;0.300000;0.351609;-20.13;500;False
cafeWorld;1;1;32;0.900000;104;0.300000;0.348093;-22.13;500;False
cafeWorld;1;1;32;0.900000;105;0.300000;0.344612;-28.16;500;False
cafeWorld;1;1;32;0.900000;106;0.300000;0.341166;-26.29;500;False
cafeWorld;1;1;32;0.900000;107;0.300000;0.337754;-24.37;500;False
cafeWorld;1;1;32;0.900000;108;0.300000;0.334377;-21.63;500;False
cafeWorld;1;1;32;0.900000;109;0.300000;0.331033;-23.91;500;False
cafeWorld;1;1;32;0.900000;110;0.300000;0.327723;-24.30;500;False
cafeWorld;1;1;32;0.900000;111;0.300000;0.324446;-23.67;500;False
cafeWorld;1;1;32;0.900000;112;0.300000;0.321201;-30.30;500;False
cafeWorld;1;1;32;0.900000;113;0.300000;0.317989;-24.93;500;False
cafeWorld;1;1;32;0.900000;114;0.300000;0.314809;-24.22;430;False
cafeWorld;1;1;32;0.900000;115;0.300000;0.311661;-26.89;500;False
cafeWorld;1;1;32;0.900000;116;0.300000;0.308544;-21.83;500;False
cafeWorld;1;1;32;0.900000;117;0.300000;0.305459;-25.91;500;False
cafeWorld;1;1;32;0.900000;118;0.300000;0.302404;-20.64;500;False
cafeWorld;1;1;32;0.900000;119;0.300000;0.299380;-22.53;500;False
cafeWorld;1;1;32;0.900000;120;0.300000;0.296387;-22.99;500;False
cafeWorld;1;1;32;0.900000;121;0.300000;0.293423;-25.21;500;False
cafeWorld;1;1;32;0.900000;122;0.300000;0.290488;-28.10;500;False
cafeWorld;1;1;32;0.900000;123;0.300000;0.287584;-20.21;500;False
cafeWorld;1;1;32;0.900000;124;0.300000;0.284708;-24.38;500;False
cafeWorld;1;1;32;0.900000;125;0.300000;0.281861;-22.79;500;False
cafeWorld;1;1;32;0.900000;126;0.300000;0.279042;-21.21;500;False
cafeWorld;1;1;32;0.900000;127;0.300000;0.276252;-30.08;500;False
cafeWorld;1;1;32;0.900000;128;0.300000;0.273489;-25.29;500;False
cafeWorld;1;1;32;0.900000;129;0.300000;0.270754;-21.25;500;False
cafeWorld;1;1;32;0.900000;130;0.300000;0.268047;-26.11;500;False
cafeWorld;1;1;32;0.900000;131;0.300000;0.265366;-24.79;500;False
cafeWorld;1;1;32;0.900000;132;0.300000;0.262713;-20.77;500;False
cafeWorld;1;1;32;0.900000;133;0.300000;0.260085;-21.04;500;False
cafeWorld;1;1;32;0.900000;134;0.300000;0.257485;-24.95;500;False
cafeWorld;1;1;32;0.900000;135;0.300000;0.254910;-24.55;500;False
cafeWorld;1;1;32;0.900000;136;0.300000;0.252361;-22.16;500;False
cafeWorld;1;1;32;0.900000;137;0.300000;0.249837;-25.05;500;False
cafeWorld;1;1;32;0.900000;138;0.300000;0.247339;-23.71;137;False
cafeWorld;1;1;32;0.900000;139;0.300000;0.244865;-25.33;500;False
cafeWorld;1;1;32;0.900000;140;0.300000;0.242417;-21.60;500;False
cafeWorld;1;1;32;0.900000;141;0.300000;0.239992;-20.81;500;False
cafeWorld;1;1;32;0.900000;142;0.300000;0.237593;-23.04;500;False
cafeWorld;1;1;32;0.900000;143;0.300000;0.235217;-21.50;500;False
cafeWorld;1;1;32;0.900000;144;0.300000;0.232864;-22.11;500;False
cafeWorld;1;1;32;0.900000;145;0.300000;0.230536;-24.72;500;False
cafeWorld;1;1;32;0.900000;146;0.300000;0.228230;-28.57;500;False
cafeWorld;1;1;32;0.900000;147;0.300000;0.225948;-22.67;500;False
cafeWorld;1;1;32;0.900000;148;0.300000;0.223689;-20.68;500;False
cafeWorld;1;1;32;0.900000;149;0.300000;0.221452;-21.05;500;False
cafeWorld;1;1;32;0.900000;150;0.300000;0.219237;-22.07;500;False
cafeWorld;1;1;32;0.900000;151;0.300000;0.217045;-25.58;500;False
cafeWorld;1;1;32;0.900000;152;0.300000;0.214874;-25.52;500;False
cafeWorld;1;1;32;0.900000;153;0.300000;0.212726;-22.73;500;False
cafeWorld;1;1;32;0.900000;154;0.300000;0.210598;-21.91;500;False
cafeWorld;1;1;32;0.900000;155;0.300000;0.208492;-20.52;500;False
cafeWorld;1;1;32;0.900000;156;0.300000;0.206408;-20.00;500;False
cafeWorld;1;1;32;0.900000;157;0.300000;0.204343;-20.25;500;False
cafeWorld;1;1;32;0.900000;158;0.300000;0.202300;-20.72;266;False
cafeWorld;1;1;32;0.900000;159;0.300000;0.200277;-22.53;500;False
cafeWorld;1;1;32;0.900000;160;0.300000;0.198274;-23.67;500;False
cafeWorld;1;1;32;0.900000;161;0.300000;0.196292;-22.09;500;False
cafeWorld;1;1;32;0.900000;162;0.300000;0.194329;-20.71;500;False
cafeWorld;1;1;32;0.900000;163;0.300000;0.192385;-26.63;500;False
cafeWorld;1;1;32;0.900000;164;0.300000;0.190461;-24.01;500;False
cafeWorld;1;1;32;0.900000;165;0.300000;0.188557;-23.85;500;False
cafeWorld;1;1;32;0.900000;166;0.300000;0.186671;-20.52;500;False
cafeWorld;1;1;32;0.900000;167;0.300000;0.184805;-22.88;338;False
cafeWorld;1;1;32;0.900000;168;0.300000;0.182957;-21.97;500;False
cafeWorld;1;1;32;0.900000;169;0.300000;0.181127;-20.05;500;False
cafeWorld;1;1;32;0.900000;170;0.300000;0.179316;-25.56;500;False
cafeWorld;1;1;32;0.900000;171;0.300000;0.177523;-20.64;500;False
cafeWorld;1;1;32;0.900000;172;0.300000;0.175747;-22.79;500;False
cafeWorld;1;1;32;0.900000;173;0.300000;0.173990;-22.71;500;False
cafeWorld;1;1;32;0.900000;174;0.300000;0.172250;-22.83;500;False
cafeWorld;1;1;32;0.900000;175;0.300000;0.170527;-22.99;500;False
cafeWorld;1;1;32;0.900000;176;0.300000;0.168822;-21.74;500;False
cafeWorld;1;1;32;0.900000;177;0.300000;0.167134;-23.67;500;False
cafeWorld;1;1;32;0.900000;178;0.300000;0.165463;-21.16;500;False
cafeWorld;1;1;32;0.900000;179;0.300000;0.163808;-20.39;500;False
cafeWorld;1;1;32;0.900000;180;0.300000;0.162170;-20.78;500;False
cafeWorld;1;1;32;0.900000;181;0.300000;0.160548;-24.19;236;False
cafeWorld;1;1;32;0.900000;182;0.300000;0.158943;-28.25;500;False
cafeWorld;1;1;32;0.900000;183;0.300000;0.157353;-23.66;500;False
cafeWorld;1;1;32;0.900000;184;0.300000;0.155780;-20.96;500;False
cafeWorld;1;1;32;0.900000;185;0.300000;0.154222;-20.35;500;False
cafeWorld;1;1;32;0.900000;186;0.300000;0.152680;-20.36;500;False
cafeWorld;1;1;32;0.900000;187;0.300000;0.151153;-20.91;500;False
cafeWorld;1;1;32;0.900000;188;0.300000;0.149641;-22.73;500;False
cafeWorld;1;1;32;0.900000;189;0.300000;0.148145;-25.63;478;False
cafeWorld;1;1;32;0.900000;190;0.300000;0.146664;-25.84;500;False
cafeWorld;1;1;32;0.900000;191;0.300000;0.145197;-22.89;500;False
cafeWorld;1;1;32;0.900000;192;0.300000;0.143745;-25.11;500;False
cafeWorld;1;1;32;0.900000;193;0.300000;0.142307;-22.87;500;False
cafeWorld;1;1;32;0.900000;194;0.300000;0.140884;-20.30;500;False
cafeWorld;1;1;32;0.900000;195;0.300000;0.139476;-20.58;145;False
cafeWorld;1;1;32;0.900000;196;0.300000;0.138081;-24.71;500;False
cafeWorld;1;1;32;0.900000;197;0.300000;0.136700;-20.79;500;False
cafeWorld;1;1;32;0.900000;198;0.300000;0.135333;-20.62;500;False
cafeWorld;1;1;32;0.900000;199;0.300000;0.133980;-22.93;300;False
cafeWorld;1;1;32;0.900000;200;0.300000;0.132640;-22.04;396;False
cafeWorld;1;1;32;0.900000;201;0.300000;0.131313;-20.30;500;False
cafeWorld;1;1;32;0.900000;202;0.300000;0.130000;-21.18;500;False
cafeWorld;1;1;32;0.900000;203;0.300000;0.128700;-20.08;500;False
cafeWorld;1;1;32;0.900000;204;0.300000;0.127413;-21.38;500;False
cafeWorld;1;1;32;0.900000;205;0.300000;0.126139;-23.92;500;False
cafeWorld;1;1;32;0.900000;206;0.300000;0.124878;-22.78;500;False
cafeWorld;1;1;32;0.900000;207;0.300000;0.123629;-21.96;500;False
cafeWorld;1;1;32;0.900000;208;0.300000;0.122393;-20.21;500;False
cafeWorld;1;1;32;0.900000;209;0.300000;0.121169;-20.21;378;False
cafeWorld;1;1;32;0.900000;210;0.300000;0.119957;-20.70;500;False
cafeWorld;1;1;32;0.900000;211;0.300000;0.118758;-20.57;500;False
cafeWorld;1;1;32;0.900000;212;0.300000;0.117570;-23.76;500;False
cafeWorld;1;1;32;0.900000;213;0.300000;0.116394;-20.13;500;False
cafeWorld;1;1;32;0.900000;214;0.300000;0.115230;-23.29;500;False
cafeWorld;1;1;32;0.900000;215;0.300000;0.114078;-20.54;500;False
cafeWorld;1;1;32;0.900000;216;0.300000;0.112937;-21.66;500;False
cafeWorld;1;1;32;0.900000;217;0.300000;0.111808;-20.18;500;False
cafeWorld;1;1;32;0.900000;218;0.300000;0.110690;-20.96;500;False
cafeWorld;1;1;32;0.900000;219;0.300000;0.109583;-21.77;500;False
cafeWorld;1;1;32;0.900000;220;0.300000;0.108487;-23.09;500;False
cafeWorld;1;1;32;0.900000;221;0.300000;0.107402;-21.58;500;False
cafeWorld;1;1;32;0.900000;222;0.300000;0.106328;-22.45;500;False
cafeWorld;1;1;32;0.900000;223;0.300000;0.105265;-22.28;500;False
cafeWorld;1;1;32;0.900000;224;0.300000;0.104212;-21.79;500;False
cafeWorld;1;1;32;0.900000;225;0.300000;0.103170;-20.70;500;False
cafeWorld;1;1;32;0.900000;226;0.300000;0.102138;-22.67;500;False
cafeWorld;1;1;32;0.900000;227;0.300000;0.101117;-26.07;500;False
cafeWorld;1;1;32;0.900000;228;0.300000;0.100106;-21.93;306;False
cafeWorld;1;1;32;0.900000;229;0.300000;0.099105;-20.18;480;False
cafeWorld;1;1;32;0.900000;230;0.300000;0.098114;-25.33;500;False
cafeWorld;1;1;32;0.900000;231;0.300000;0.097133;-20.69;500;False
cafeWorld;1;1;32;0.900000;232;0.300000;0.096161;-22.06;500;False
cafeWorld;1;1;32;0.900000;233;0.300000;0.095200;-20.11;116;False
cafeWorld;1;1;32;0.900000;234;0.300000;0.094248;-20.99;500;False
cafeWorld;1;1;32;0.900000;235;0.300000;0.093305;-21.27;500;False
cafeWorld;1;1;32;0.900000;236;0.300000;0.092372;-22.40;500;False
cafeWorld;1;1;32;0.900000;237;0.300000;0.091448;-21.40;500;False
cafeWorld;1;1;32;0.900000;238;0.300000;0.090534;-21.69;500;False
cafeWorld;1;1;32;0.900000;239;0.300000;0.089629;-21.38;500;False
cafeWorld;1;1;32;0.900000;240;0.300000;0.088732;-20.13;500;False
cafeWorld;1;1;32;0.900000;241;0.300000;0.087845;-20.33;500;False
cafeWorld;1;1;32;0.900000;242;0.300000;0.086967;-21.50;500;False
cafeWorld;1;1;32;0.900000;243;0.300000;0.086097;-23.27;500;False
cafeWorld;1;1;32;0.900000;244;0.300000;0.085236;-21.62;500;False
cafeWorld;1;1;32;0.900000;245;0.300000;0.084384;-20.25;500;False
cafeWorld;1;1;32;0.900000;246;0.300000;0.083540;-22.23;500;False
cafeWorld;1;1;32;0.900000;247;0.300000;0.082704;-24.29;500;False
cafeWorld;1;1;32;0.900000;248;0.300000;0.081877;-20.43;500;False
cafeWorld;1;1;32;0.900000;249;0.300000;0.081059;-20.16;500;False
cafeWorld;1;1;32;0.900000;250;0.300000;0.080248;-20.74;500;False
cafeWorld;1;1;32;0.900000;251;0.300000;0.079445;-20.10;500;False
cafeWorld;1;1;32;0.900000;252;0.300000;0.078651;-20.05;500;False
cafeWorld;1;1;32;0.900000;253;0.300000;0.077864;-21.52;500;False
cafeWorld;1;1;32;0.900000;254;0.300000;0.077086;-20.34;500;False
cafeWorld;1;1;32;0.900000;255;0.300000;0.076315;-20.02;500;False
cafeWorld;1;1;32;0.900000;256;0.300000;0.075552;-22.04;500;False
cafeWorld;1;1;32;0.900000;257;0.300000;0.074796;-20.18;500;False
cafeWorld;1;1;32;0.900000;258;0.300000;0.074048;-21.86;500;False
cafeWorld;1;1;32;0.900000;259;0.300000;0.073308;-20.01;500;False
cafeWorld;1;1;32;0.900000;260;0.300000;0.072575;-20.27;500;False
cafeWorld;1;1;32;0.900000;261;0.300000;0.071849;-20.50;500;False
cafeWorld;1;1;32;0.900000;262;0.300000;0.071131;-21.59;500;False
cafeWorld;1;1;32;0.900000;263;0.300000;0.070419;-21.24;500;False
cafeWorld;1;1;32;0.900000;264;0.300000;0.069715;-20.49;500;False
cafeWorld;1;1;32;0.900000;265;0.300000;0.069018;-20.01;500;False
cafeWorld;1;1;32;0.900000;266;0.300000;0.068328;-20.66;500;False
cafeWorld;1;1;32;0.900000;267;0.300000;0.067644;-20.38;500;False
cafeWorld;1;1;32;0.900000;268;0.300000;0.066968;-20.22;500;False
cafeWorld;1;1;32;0.900000;269;0.300000;0.066298;-21.29;500;False
cafeWorld;1;1;32;0.900000;270;0.300000;0.065635;-20.26;500;False
cafeWorld;1;1;32;0.900000;271;0.300000;0.064979;-22.98;500;False
cafeWorld;1;1;32;0.900000;272;0.300000;0.064329;-20.01;500;False
cafeWorld;1;1;32;0.900000;273;0.300000;0.063686;-20.24;500;False
cafeWorld;1;1;32;0.900000;274;0.300000;0.063049;-20.02;500;False
cafeWorld;1;1;32;0.900000;275;0.300000;0.062419;-20.74;500;False
cafeWorld;1;1;32;0.900000;276;0.300000;0.061794;-22.47;500;False
cafeWorld;1;1;32;0.900000;277;0.300000;0.061176;-20.55;500;False
cafeWorld;1;1;32;0.900000;278;0.300000;0.060565;-22.54;500;False
cafeWorld;1;1;32;0.900000;279;0.300000;0.059959;-20.00;500;False
cafeWorld;1;1;32;0.900000;280;0.300000;0.059359;-20.51;235;False
cafeWorld;1;1;32;0.900000;281;0.300000;0.058766;-20.00;455;False
cafeWorld;1;1;32;0.900000;282;0.300000;0.058178;-20.01;500;False
cafeWorld;1;1;32;0.900000;283;0.300000;0.057596;-22.71;500;False
cafeWorld;1;1;32;0.900000;284;0.300000;0.057020;-20.00;500;False
cafeWorld;1;1;32;0.900000;285;0.300000;0.056450;-20.02;500;False
cafeWorld;1;1;32;0.900000;286;0.300000;0.055886;-21.58;500;False
cafeWorld;1;1;32;0.900000;287;0.300000;0.055327;-20.07;500;False
cafeWorld;1;1;32;0.900000;288;0.300000;0.054774;-21.86;500;False
cafeWorld;1;1;32;0.900000;289;0.300000;0.054226;-20.61;248;False
cafeWorld;1;1;32;0.900000;290;0.300000;0.053684;-20.03;500;False
cafeWorld;1;1;32;0.900000;291;0.300000;0.053147;-20.97;500;False
cafeWorld;1;1;32;0.900000;292;0.300000;0.052615;-22.71;500;False
cafeWorld;1;1;32;0.900000;293;0.300000;0.052089;-20.03;500;False
cafeWorld;1;1;32;0.900000;294;0.300000;0.051568;-20.01;500;False
cafeWorld;1;1;32;0.900000;295;0.300000;0.051053;-20.00;500;False
cafeWorld;1;1;32;0.900000;296;0.300000;0.050542;-22.54;500;False
cafeWorld;1;1;32;0.900000;297;0.300000;0.050037;-20.01;500;False
cafeWorld;1;1;32;0.900000;298;0.300000;0.049536;-20.08;114;False
cafeWorld;1;1;32;0.900000;299;0.300000;0.049041;-20.16;500;False
cafeWorld;1;1;32;0.900000;300;0.300000;0.048550;-22.95;500;False
cafeWorld;1;1;32;0.900000;301;0.300000;0.048065;-20.17;500;False
cafeWorld;1;1;32;0.900000;302;0.300000;0.047584;-21.77;500;False
cafeWorld;1;1;32;0.900000;303;0.300000;0.047108;-20.45;500;False
cafeWorld;1;1;32;0.900000;304;0.300000;0.046637;-23.01;500;False
cafeWorld;1;1;32;0.900000;305;0.300000;0.046171;-20.87;500;False
cafeWorld;1;1;32;0.900000;306;0.300000;0.045709;-22.19;500;False
cafeWorld;1;1;32;0.900000;307;0.300000;0.045252;-20.02;500;False
cafeWorld;1;1;32;0.900000;308;0.300000;0.044800;-20.00;500;False
cafeWorld;1;1;32;0.900000;309;0.300000;0.044352;-20.12;500;False
cafeWorld;1;1;32;0.900000;310;0.300000;0.043908;-20.00;500;False
cafeWorld;1;1;32;0.900000;311;0.300000;0.043469;-24.48;500;False
cafeWorld;1;1;32;0.900000;312;0.300000;0.043034;-22.59;500;False
cafeWorld;1;1;32;0.900000;313;0.300000;0.042604;-20.00;500;False
cafeWorld;1;1;32;0.900000;314;0.300000;0.042178;-20.69;500;False
cafeWorld;1;1;32;0.900000;315;0.300000;0.041756;-20.66;500;False
cafeWorld;1;1;32;0.900000;316;0.300000;0.041339;-20.04;500;False
cafeWorld;1;1;32;0.900000;317;0.300000;0.040925;-23.01;500;False
cafeWorld;1;1;32;0.900000;318;0.300000;0.040516;-21.51;500;False
cafeWorld;1;1;32;0.900000;319;0.300000;0.040111;-20.00;500;False
cafeWorld;1;1;32;0.900000;320;0.300000;0.039710;-21.90;500;False
cafeWorld;1;1;32;0.900000;321;0.300000;0.039313;-20.11;500;False
cafeWorld;1;1;32;0.900000;322;0.300000;0.038920;-20.00;500;False
cafeWorld;1;1;32;0.900000;323;0.300000;0.038530;-20.00;500;False
cafeWorld;1;1;32;0.900000;324;0.300000;0.038145;-20.00;500;False
cafeWorld;1;1;32;0.900000;325;0.300000;0.037764;-20.45;500;False
cafeWorld;1;1;32;0.900000;326;0.300000;0.037386;-20.36;500;False
cafeWorld;1;1;32;0.900000;327;0.300000;0.037012;-20.00;500;False
cafeWorld;1;1;32;0.900000;328;0.300000;0.036642;-21.16;500;False
cafeWorld;1;1;32;0.900000;329;0.300000;0.036276;-23.11;500;False
cafeWorld;1;1;32;0.900000;330;0.300000;0.035913;-20.00;500;False
cafeWorld;1;1;32;0.900000;331;0.300000;0.035554;-20.46;500;False
cafeWorld;1;1;32;0.900000;332;0.300000;0.035198;-20.14;500;False
cafeWorld;1;1;32;0.900000;333;0.300000;0.034846;-20.00;500;False
cafeWorld;1;1;32;0.900000;334;0.300000;0.034498;-20.00;500;False
cafeWorld;1;1;32;0.900000;335;0.300000;0.034153;-20.09;500;False
cafeWorld;1;1;32;0.900000;336;0.300000;0.033811;-20.66;498;False
cafeWorld;1;1;32;0.900000;337;0.300000;0.033473;-20.00;500;False
cafeWorld;1;1;32;0.900000;338;0.300000;0.033138;-20.56;500;False
cafeWorld;1;1;32;0.900000;339;0.300000;0.032807;-20.05;500;False
cafeWorld;1;1;32;0.900000;340;0.300000;0.032479;-20.00;500;False
cafeWorld;1;1;32;0.900000;341;0.300000;0.032154;-20.00;500;False
cafeWorld;1;1;32;0.900000;342;0.300000;0.031833;-20.00;500;False
cafeWorld;1;1;32;0.900000;343;0.300000;0.031514;-20.09;500;False
cafeWorld;1;1;32;0.900000;344;0.300000;0.031199;-21.01;500;False
cafeWorld;1;1;32;0.900000;345;0.300000;0.030887;-20.00;500;False
cafeWorld;1;1;32;0.900000;346;0.300000;0.030578;-21.29;500;False
cafeWorld;1;1;32;0.900000;347;0.300000;0.030272;-20.06;330;False
cafeWorld;1;1;32;0.900000;348;0.300000;0.029970;-20.50;500;False
cafeWorld;1;1;32;0.900000;349;0.300000;0.029670;-20.04;500;False
cafeWorld;1;1;32;0.900000;350;0.300000;0.029373;-20.00;500;False
cafeWorld;1;1;32;0.900000;351;0.300000;0.029080;-20.41;500;False
cafeWorld;1;1;32;0.900000;352;0.300000;0.028789;-20.15;500;False
cafeWorld;1;1;32;0.900000;353;0.300000;0.028501;-22.43;500;False
cafeWorld;1;1;32;0.900000;354;0.300000;0.028216;-20.00;500;False
cafeWorld;1;1;32;0.900000;355;0.300000;0.027934;-20.05;500;False
cafeWorld;1;1;32;0.900000;356;0.300000;0.027654;-20.00;500;False
cafeWorld;1;1;32;0.900000;357;0.300000;0.027378;-20.01;500;False
cafeWorld;1;1;32;0.900000;358;0.300000;0.027104;-20.09;500;False
cafeWorld;1;1;32;0.900000;359;0.300000;0.026833;-20.02;500;False
cafeWorld;1;1;32;0.900000;360;0.300000;0.026565;-20.08;500;False
cafeWorld;1;1;32;0.900000;361;0.300000;0.026299;-20.00;500;False
cafeWorld;1;1;32;0.900000;362;0.300000;0.026036;-20.00;500;False
cafeWorld;1;1;32;0.900000;363;0.300000;0.025776;-20.00;500;False
cafeWorld;1;1;32;0.900000;364;0.300000;0.025518;-20.00;500;False
cafeWorld;1;1;32;0.900000;365;0.300000;0.025263;-20.37;500;False
cafeWorld;1;1;32;0.900000;366;0.300000;0.025010;-20.01;479;False
cafeWorld;1;1;32;0.900000;367;0.300000;0.024760;-20.00;500;False
cafeWorld;1;1;32;0.900000;368;0.300000;0.024512;-20.00;500;False
cafeWorld;1;1;32;0.900000;369;0.300000;0.024267;-20.00;500;False
cafeWorld;1;1;32;0.900000;370;0.300000;0.024025;-20.40;500;False
cafeWorld;1;1;32;0.900000;371;0.300000;0.023784;-20.00;500;False
cafeWorld;1;1;32;0.900000;372;0.300000;0.023547;-20.00;93;False
cafeWorld;1;1;32;0.900000;373;0.300000;0.023311;-20.00;500;False
cafeWorld;1;1;32;0.900000;374;0.300000;0.023078;-20.00;500;False
cafeWorld;1;1;32;0.900000;375;0.300000;0.022847;-20.00;500;False
cafeWorld;1;1;32;0.900000;376;0.300000;0.022619;-20.30;500;False
cafeWorld;1;1;32;0.900000;377;0.300000;0.022393;-20.06;357;False
cafeWorld;1;1;32;0.900000;378;0.300000;0.022169;-20.63;500;False
cafeWorld;1;1;32;0.900000;379;0.300000;0.021947;-20.00;500;False
cafeWorld;1;1;32;0.900000;380;0.300000;0.021727;-21.06;500;False
cafeWorld;1;1;32;0.900000;381;0.300000;0.021510;-22.88;500;False
cafeWorld;1;1;32;0.900000;382;0.300000;0.021295;-20.50;500;False
cafeWorld;1;1;32;0.900000;383;0.300000;0.021082;-20.35;500;False
cafeWorld;1;1;32;0.900000;384;0.300000;0.020871;-20.00;500;False
cafeWorld;1;1;32;0.900000;385;0.300000;0.020663;-20.02;500;False
cafeWorld;1;1;32;0.900000;386;0.300000;0.020456;-20.00;500;False
cafeWorld;1;1;32;0.900000;387;0.300000;0.020251;-20.00;500;False
cafeWorld;1;1;32;0.900000;388;0.300000;0.020049;-20.69;500;False
cafeWorld;1;1;32;0.900000;389;0.300000;0.019848;-20.56;500;False
cafeWorld;1;1;32;0.900000;390;0.300000;0.019650;-20.00;500;False
cafeWorld;1;1;32;0.900000;391;0.300000;0.019453;-20.11;500;False
cafeWorld;1;1;32;0.900000;392;0.300000;0.019259;-20.00;500;False
cafeWorld;1;1;32;0.900000;393;0.300000;0.019066;-20.00;500;False
cafeWorld;1;1;32;0.900000;394;0.300000;0.018876;-20.00;500;False
cafeWorld;1;1;32;0.900000;395;0.300000;0.018687;-20.56;500;False
cafeWorld;1;1;32;0.900000;396;0.300000;0.018500;-20.00;500;False
cafeWorld;1;1;32;0.900000;397;0.300000;0.018315;-20.00;500;False
cafeWorld;1;1;32;0.900000;398;0.300000;0.018132;-20.00;500;False
cafeWorld;1;1;32;0.900000;399;0.300000;0.017951;-20.62;500;False
cafeWorld;1;1;32;0.900000;400;0.300000;0.017771;-20.00;462;False
cafeWorld;1;1;32;0.900000;401;0.300000;0.017593;-20.02;500;False
cafeWorld;1;1;32;0.900000;402;0.300000;0.017417;-20.04;500;False
cafeWorld;1;1;32;0.900000;403;0.300000;0.017243;-20.00;500;False
cafeWorld;1;1;32;0.900000;404;0.300000;0.017071;-20.44;500;False
cafeWorld;1;1;32;0.900000;405;0.300000;0.016900;-20.00;500;False
cafeWorld;1;1;32;0.900000;406;0.300000;0.016731;-20.00;500;False
cafeWorld;1;1;32;0.900000;407;0.300000;0.016564;-22.19;500;False
cafeWorld;1;1;32;0.900000;408;0.300000;0.016398;-20.00;500;False
cafeWorld;1;1;32;0.900000;409;0.300000;0.016234;-20.00;500;False
cafeWorld;1;1;32;0.900000;410;0.300000;0.016072;-20.00;500;False
cafeWorld;1;1;32;0.900000;411;0.300000;0.015911;-20.00;500;False
cafeWorld;1;1;32;0.900000;412;0.300000;0.015752;-20.05;500;False
cafeWorld;1;1;32;0.900000;413;0.300000;0.015594;-20.00;500;False
cafeWorld;1;1;32;0.900000;414;0.300000;0.015439;-20.41;500;False
cafeWorld;1;1;32;0.900000;415;0.300000;0.015284;-20.09;500;False
cafeWorld;1;1;32;0.900000;416;0.300000;0.015131;-20.00;500;False
cafeWorld;1;1;32;0.900000;417;0.300000;0.014980;-20.45;500;False
cafeWorld;1;1;32;0.900000;418;0.300000;0.014830;-20.02;500;False
cafeWorld;1;1;32;0.900000;419;0.300000;0.014682;-20.00;500;False
cafeWorld;1;1;32;0.900000;420;0.300000;0.014535;-20.00;500;False
cafeWorld;1;1;32;0.900000;421;0.300000;0.014390;-20.00;500;False
cafeWorld;1;1;32;0.900000;422;0.300000;0.014246;-20.01;500;False
cafeWorld;1;1;32;0.900000;423;0.300000;0.014103;-20.03;500;False
cafeWorld;1;1;32;0.900000;424;0.300000;0.013962;-20.00;480;False
cafeWorld;1;1;32;0.900000;425;0.300000;0.013823;-20.02;500;False
cafeWorld;1;1;32;0.900000;426;0.300000;0.013684;-20.00;500;False
cafeWorld;1;1;32;0.900000;427;0.300000;0.013548;-20.00;500;False
cafeWorld;1;1;32;0.900000;428;0.300000;0.013412;-20.00;500;False
cafeWorld;1;1;32;0.900000;429;0.300000;0.013278;-20.00;500;False
cafeWorld;1;1;32;0.900000;430;0.300000;0.013145;-20.00;500;False
cafeWorld;1;1;32;0.900000;431;0.300000;0.013014;-20.00;500;False
cafeWorld;1;1;32;0.900000;432;0.300000;0.012884;-20.00;500;False
cafeWorld;1;1;32;0.900000;433;0.300000;0.012755;-20.00;500;False
cafeWorld;1;1;32;0.900000;434;0.300000;0.012627;-20.01;500;False
cafeWorld;1;1;32;0.900000;435;0.300000;0.012501;-20.00;500;False
cafeWorld;1;1;32;0.900000;436;0.300000;0.012376;-20.24;500;False
cafeWorld;1;1;32;0.900000;437;0.300000;0.012252;-20.00;500;False
cafeWorld;1;1;32;0.900000;438;0.300000;0.012130;-20.75;500;False
cafeWorld;1;1;32;0.900000;439;0.300000;0.012008;-20.27;500;False
cafeWorld;1;1;32;0.900000;440;0.300000;0.011888;-20.00;500;False
cafeWorld;1;1;32;0.900000;441;0.300000;0.011769;-20.00;500;False
cafeWorld;1;1;32;0.900000;442;0.300000;0.011652;-20.00;500;False
cafeWorld;1;1;32;0.900000;443;0.300000;0.011535;-20.00;500;False
cafeWorld;1;1;32;0.900000;444;0.300000;0.011420;-20.00;500;False
cafeWorld;1;1;32;0.900000;445;0.300000;0.011306;-20.00;500;False
cafeWorld;1;1;32;0.900000;446;0.300000;0.011193;-20.00;500;False
cafeWorld;1;1;32;0.900000;447;0.300000;0.011081;-20.94;500;False
cafeWorld;1;1;32;0.900000;448;0.300000;0.010970;-20.00;500;False
cafeWorld;1;1;32;0.900000;449;0.300000;0.010860;-20.00;500;False
cafeWorld;1;1;32;0.900000;450;0.300000;0.010752;-23.75;500;False
cafeWorld;1;1;32;0.900000;451;0.300000;0.010644;-20.00;500;False
cafeWorld;1;1;32;0.900000;452;0.300000;0.010538;-20.08;500;False
cafeWorld;1;1;32;0.900000;453;0.300000;0.010432;-20.00;500;False
cafeWorld;1;1;32;0.900000;454;0.300000;0.010328;-20.00;500;False
cafeWorld;1;1;32;0.900000;455;0.300000;0.010225;-20.00;500;False
cafeWorld;1;1;32;0.900000;456;0.300000;0.010122;-20.00;500;False
cafeWorld;1;1;32;0.900000;457;0.300000;0.010021;-20.17;500;False
cafeWorld;1;1;32;0.900000;458;0.300000;0.010000;-20.00;500;False
cafeWorld;1;1;32;0.900000;459;0.300000;0.010000;-20.06;500;False
cafeWorld;1;1;32;0.900000;460;0.300000;0.010000;-20.00;500;False
cafeWorld;1;1;32;0.900000;461;0.300000;0.010000;-20.00;500;False
cafeWorld;1;1;32;0.900000;462;0.300000;0.010000;-20.00;500;False
cafeWorld;1;1;32;0.900000;463;0.300000;0.010000;-20.15;500;False
cafeWorld;1;1;32;0.900000;464;0.300000;0.010000;-20.00;500;False
cafeWorld;1;1;32;0.900000;465;0.300000;0.010000;-20.00;500;False
cafeWorld;1;1;32;0.900000;466;0.300000;0.010000;-20.00;500;False
cafeWorld;1;1;32;0.900000;467;0.300000;0.010000;-20.00;500;False
cafeWorld;1;1;32;0.900000;468;0.300000;0.010000;-20.00;500;False
cafeWorld;1;1;32;0.900000;469;0.300000;0.010000;-20.00;500;False
cafeWorld;1;1;32;0.900000;470;0.300000;0.010000;-20.00;500;False
cafeWorld;1;1;32;0.900000;471;0.300000;0.010000;-20.00;500;False
cafeWorld;1;1;32;0.900000;472;0.300000;0.010000;-20.00;500;False
cafeWorld;1;1;32;0.900000;473;0.300000;0.010000;-20.00;500;False
cafeWorld;1;1;32;0.900000;474;0.300000;0.010000;-20.00;500;False
cafeWorld;1;1;32;0.900000;475;0.300000;0.010000;-20.06;500;False
cafeWorld;1;1;32;0.900000;476;0.300000;0.010000;-20.00;500;False
cafeWorld;1;1;32;0.900000;477;0.300000;0.010000;-20.00;500;False
cafeWorld;1;1;32;0.900000;478;0.300000;0.010000;-20.00;500;False
cafeWorld;1;1;32;0.900000;479;0.300000;0.010000;-20.00;500;False
cafeWorld;1;1;32;0.900000;480;0.300000;0.010000;-20.00;500;False
cafeWorld;1;1;32;0.900000;481;0.300000;0.010000;-20.00;500;False
cafeWorld;1;1;32;0.900000;482;0.300000;0.010000;-20.00;500;False
cafeWorld;1;1;32;0.900000;483;0.300000;0.010000;-20.00;500;False
cafeWorld;1;1;32;0.900000;484;0.300000;0.010000;-20.04;500;False
cafeWorld;1;1;32;0.900000;485;0.300000;0.010000;-20.00;500;False
cafeWorld;1;1;32;0.900000;486;0.300000;0.010000;-20.00;500;False
cafeWorld;1;1;32;0.900000;487;0.300000;0.010000;-20.00;500;False
cafeWorld;1;1;32;0.900000;488;0.300000;0.010000;-20.00;500;False
cafeWorld;1;1;32;0.900000;489;0.300000;0.010000;-20.00;500;False
cafeWorld;1;1;32;0.900000;490;0.300000;0.010000;-20.23;500;False
cafeWorld;1;1;32;0.900000;491;0.300000;0.010000;-20.00;500;False
cafeWorld;1;1;32;0.900000;492;0.300000;0.010000;-21.24;500;False
cafeWorld;1;1;32;0.900000;493;0.300000;0.010000;-20.00;500;False
cafeWorld;1;1;32;0.900000;494;0.300000;0.010000;-20.00;500;False
cafeWorld;1;1;32;0.900000;495;0.300000;0.010000;-20.17;500;False
cafeWorld;1;1;32;0.900000;496;0.300000;0.010000;-20.14;500;False
cafeWorld;1;1;32;0.900000;497;0.300000;0.010000;-20.00;500;False
cafeWorld;1;1;32;0.900000;498;0.300000;0.010000;-20.00;500;False
cafeWorld;1;1;32;0.900000;499;0.300000;0.010000;-20.00;500;False
bookWorld;1;1;32;0.900000;0;0.300000;0.990000;-33.31;277;False
bookWorld;1;1;32;0.900000;1;0.300000;0.980100;-30.49;500;False
bookWorld;1;1;32;0.900000;2;0.300000;0.970299;-33.62;500;False
bookWorld;1;1;32;0.900000;3;0.300000;0.960596;-32.40;500;False
bookWorld;1;1;32;0.900000;4;0.300000;0.950990;-32.91;500;False
bookWorld;1;1;32;0.900000;5;0.300000;0.941480;-37.52;500;False
bookWorld;1;1;32;0.900000;6;0.300000;0.932065;-41.06;500;False
bookWorld;1;1;32;0.900000;7;0.300000;0.922745;-33.31;500;False
bookWorld;1;1;32;0.900000;8;0.300000;0.913517;-30.97;500;False
bookWorld;1;1;32;0.900000;9;0.300000;0.904382;-30.16;500;False
bookWorld;1;1;32;0.900000;10;0.300000;0.895338;-31.79;500;False
bookWorld;1;1;32;0.900000;11;0.300000;0.886385;-30.30;500;False
bookWorld;1;1;32;0.900000;12;0.300000;0.877521;-35.22;500;False
bookWorld;1;1;32;0.900000;13;0.300000;0.868746;-22.90;500;False
bookWorld;1;1;32;0.900000;14;0.300000;0.860058;-35.90;500;False
bookWorld;1;1;32;0.900000;15;0.300000;0.851458;-29.54;500;False
bookWorld;1;1;32;0.900000;16;0.300000;0.842943;-28.55;500;False
bookWorld;1;1;32;0.900000;17;0.300000;0.834514;-39.02;500;False
bookWorld;1;1;32;0.900000;18;0.300000;0.826169;-37.80;500;False
bookWorld;1;1;32;0.900000;19;0.300000;0.817907;-35.43;500;False
bookWorld;1;1;32;0.900000;20;0.300000;0.809728;-33.01;500;False
bookWorld;1;1;32;0.900000;21;0.300000;0.801631;-36.01;500;False
bookWorld;1;1;32;0.900000;22;0.300000;0.793614;-29.85;500;False
bookWorld;1;1;32;0.900000;23;0.300000;0.785678;-29.43;500;False
bookWorld;1;1;32;0.900000;24;0.300000;0.777821;-31.02;500;False
bookWorld;1;1;32;0.900000;25;0.300000;0.770043;-38.90;500;False
bookWorld;1;1;32;0.900000;26;0.300000;0.762343;-29.53;500;False
bookWorld;1;1;32;0.900000;27;0.300000;0.754719;-26.99;500;False
bookWorld;1;1;32;0.900000;28;0.300000;0.747172;-31.51;500;False
bookWorld;1;1;32;0.900000;29;0.300000;0.739700;-28.39;500;False
bookWorld;1;1;32;0.900000;30;0.300000;0.732303;-34.21;500;False
bookWorld;1;1;32;0.900000;31;0.300000;0.724980;-36.34;500;False
bookWorld;1;1;32;0.900000;32;0.300000;0.717731;-30.62;500;False
bookWorld;1;1;32;0.900000;33;0.300000;0.710553;-34.97;500;False
bookWorld;1;1;32;0.900000;34;0.300000;0.703448;-24.99;500;False
bookWorld;1;1;32;0.900000;35;0.300000;0.696413;-29.67;500;False
bookWorld;1;1;32;0.900000;36;0.300000;0.689449;-30.60;500;False
bookWorld;1;1;32;0.900000;37;0.300000;0.682555;-31.34;500;False
bookWorld;1;1;32;0.900000;38;0.300000;0.675729;-27.71;500;False
bookWorld;1;1;32;0.900000;39;0.300000;0.668972;-25.81;500;False
bookWorld;1;1;32;0.900000;40;0.300000;0.662282;-28.24;500;False
bookWorld;1;1;32;0.900000;41;0.300000;0.655659;-27.81;500;False
bookWorld;1;1;32;0.900000;42;0.300000;0.649103;-20.94;500;False
bookWorld;1;1;32;0.900000;43;0.300000;0.642612;-17.82;500;False
bookWorld;1;1;32;0.900000;44;0.300000;0.636185;-26.52;500;False
bookWorld;1;1;32;0.900000;45;0.300000;0.629824;-28.61;500;False
bookWorld;1;1;32;0.900000;46;0.300000;0.623525;-30.31;500;False
bookWorld;1;1;32;0.900000;47;0.300000;0.617290;-28.03;500;False
bookWorld;1;1;32;0.900000;48;0.300000;0.611117;-29.36;500;False
bookWorld;1;1;32;0.900000;49;0.300000;0.605006;-33.87;500;False
bookWorld;1;1;32;0.900000;50;0.300000;0.598956;-29.53;500;False
bookWorld;1;1;32;0.900000;51;0.300000;0.592966;-31.39;500;False
bookWorld;1;1;32;0.900000;52;0.300000;0.587037;-29.74;500;False
bookWorld;1;1;32;0.900000;53;0.300000;0.581166;-33.67;500;False
bookWorld;1;1;32;0.900000;54;0.300000;0.575355;-32.58;500;False
bookWorld;1;1;32;0.900000;55;0.300000;0.569601;-27.61;500;False
bookWorld;1;1;32;0.900000;56;0.300000;0.563905;-24.54;500;False
bookWorld;1;1;32;0.900000;57;0.300000;0.558266;-24.35;500;False
bookWorld;1;1;32;0.900000;58;0.300000;0.552683;-26.80;500;False
bookWorld;1;1;32;0.900000;59;0.300000;0.547157;-27.05;500;False
bookWorld;1;1;32;0.900000;60;0.300000;0.541685;-26.47;500;False
bookWorld;1;1;32;0.900000;61;0.300000;0.536268;-29.49;500;False
bookWorld;1;1;32;0.900000;62;0.300000;0.530906;-29.71;500;False
bookWorld;1;1;32;0.900000;63;0.300000;0.525596;-32.97;500;False
bookWorld;1;1;32;0.900000;64;0.300000;0.520341;-28.27;500;False
bookWorld;1;1;32;0.900000;65;0.300000;0.515137;-31.40;500;False
bookWorld;1;1;32;0.900000;66;0.300000;0.509986;-26.21;500;False
bookWorld;1;1;32;0.900000;67;0.300000;0.504886;-26.52;500;False
bookWorld;1;1;32;0.900000;68;0.300000;0.499837;-25.44;500;False
bookWorld;1;1;32;0.900000;69;0.300000;0.494839;-26.29;500;False
bookWorld;1;1;32;0.900000;70;0.300000;0.489890;-28.63;500;False
bookWorld;1;1;32;0.900000;71;0.300000;0.484991;-30.82;500;False
bookWorld;1;1;32;0.900000;72;0.300000;0.480141;-26.86;500;False
bookWorld;1;1;32;0.900000;73;0.300000;0.475340;-33.37;500;False
bookWorld;1;1;32;0.900000;74;0.300000;0.470587;-26.23;500;False
bookWorld;1;1;32;0.900000;75;0.300000;0.465881;-26.14;500;False
bookWorld;1;1;32;0.900000;76;0.300000;0.461222;-24.07;500;False
bookWorld;1;1;32;0.900000;77;0.300000;0.456610;-24.03;500;False
bookWorld;1;1;32;0.900000;78;0.300000;0.452044;-27.23;500;False
bookWorld;1;1;32;0.900000;79;0.300000;0.447523;-35.15;500;False
bookWorld;1;1;32;0.900000;80;0.300000;0.443048;-25.22;500;False
bookWorld;1;1;32;0.900000;81;0.300000;0.438618;-25.67;500;False
bookWorld;1;1;32;0.900000;82;0.300000;0.434231;-27.87;500;False
bookWorld;1;1;32;0.900000;83;0.300000;0.429889;-25.66;500;False
bookWorld;1;1;32;0.900000;84;0.300000;0.425590;-26.48;500;False
bookWorld;1;1;32;0.900000;85;0.300000;0.421334;-26.14;500;False
bookWorld;1;1;32;0.900000;86;0.300000;0.417121;-25.53;500;False
bookWorld;1;1;32;0.900000;87;0.300000;0.412950;-21.94;500;False
bookWorld;1;1;32;0.900000;88;0.300000;0.408820;-25.51;500;False
bookWorld;1;1;32;0.900000;89;0.300000;0.404732;-33.78;500;False
bookWorld;1;1;32;0.900000;90;0.300000;0.400685;-27.38;500;False
bookWorld;1;1;32;0.900000;91;0.300000;0.396678;-25.01;500;False
bookWorld;1;1;32;0.900000;92;0.300000;0.392711;-28.57;500;False
bookWorld;1;1;32;0.900000;93;0.300000;0.388784;-28.77;500;False
bookWorld;1;1;32;0.900000;94;0.300000;0.384896;-29.86;500;False
bookWorld;1;1;32;0.900000;95;0.300000;0.381047;-24.85;500;False
bookWorld;1;1;32;0.900000;96;0.300000;0.377237;-33.46;500;False
bookWorld;1;1;32;0.900000;97;0.300000;0.373464;-29.02;500;False
bookWorld;1;1;32;0.900000;98;0.300000;0.369730;-25.41;500;False
bookWorld;1;1;32;0.900000;99;0.300000;0.366032;-39.41;500;False
bookWorld;1;1;32;0.900000;100;0.300000;0.362372;-23.64;500;False
bookWorld;1;1;32;0.900000;101;0.300000;0.358748;-25.42;500;False
bookWorld;1;1;32;0.900000;102;0.300000;0.355161;-24.73;500;False
bookWorld;1;1;32;0.900000;103;0.300000;0.351609;-23.09;500;False
bookWorld;1;1;32;0.900000;104;0.300000;0.348093;-26.99;500;False
bookWorld;1;1;32;0.900000;105;0.300000;0.344612;-27.38;500;False
bookWorld;1;1;32;0.900000;106;0.300000;0.341166;-25.18;500;False
bookWorld;1;1;32;0.900000;107;0.300000;0.337754;-29.10;500;False
bookWorld;1;1;32;0.900000;108;0.300000;0.334377;-25.96;500;False
bookWorld;1;1;32;0.900000;109;0.300000;0.331033;-23.77;500;False
bookWorld;1;1;32;0.900000;110;0.300000;0.327723;-17.70;500;False
bookWorld;1;1;32;0.900000;111;0.300000;0.324446;-30.70;500;False
bookWorld;1;1;32;0.900000;112;0.300000;0.321201;-25.28;500;False
bookWorld;1;1;32;0.900000;113;0.300000;0.317989;-24.81;500;False
bookWorld;1;1;32;0.900000;114;0.300000;0.314809;-29.44;500;False
bookWorld;1;1;32;0.900000;115;0.300000;0.311661;-29.91;500;False
bookWorld;1;1;32;0.900000;116;0.300000;0.308544;-24.02;500;False
bookWorld;1;1;32;0.900000;117;0.300000;0.305459;-24.46;500;False
bookWorld;1;1;32;0.900000;118;0.300000;0.302404;-23.29;500;False
bookWorld;1;1;32;0.900000;119;0.300000;0.299380;-28.97;500;False
bookWorld;1;1;32;0.900000;120;0.300000;0.296387;-30.19;500;False
bookWorld;1;1;32;0.900000;121;0.300000;0.293423;-25.95;500;False
bookWorld;1;1;32;0.900000;122;0.300000;0.290488;-24.16;500;False
bookWorld;1;1;32;0.900000;123;0.300000;0.287584;-23.44;500;False
bookWorld;1;1;32;0.900000;124;0.300000;0.284708;-20.20;500;False
bookWorld;1;1;32;0.900000;125;0.300000;0.281861;-22.98;500;False
bookWorld;1;1;32;0.900000;126;0.300000;0.279042;-22.59;500;False
bookWorld;1;1;32;0.900000;127;0.300000;0.276252;-25.69;500;False
bookWorld;1;1;32;0.900000;128;0.300000;0.273489;-21.26;500;False
bookWorld;1;1;32;0.900000;129;0.300000;0.270754;-24.92;500;False
bookWorld;1;1;32;0.900000;130;0.300000;0.268047;-22.90;500;False
bookWorld;1;1;32;0.900000;131;0.300000;0.265366;-21.26;500;False
bookWorld;1;1;32;0.900000;132;0.300000;0.262713;-23.72;500;False
bookWorld;1;1;32;0.900000;133;0.300000;0.260085;-23.28;500;False
bookWorld;1;1;32;0.900000;134;0.300000;0.257485;-20.89;500;False
bookWorld;1;1;32;0.900000;135;0.300000;0.254910;-23.19;500;False
bookWorld;1;1;32;0.900000;136;0.300000;0.252361;-17.76;500;False
bookWorld;1;1;32;0.900000;137;0.300000;0.249837;-35.35;500;False
bookWorld;1;1;32;0.900000;138;0.300000;0.247339;-22.56;500;False
bookWorld;1;1;32;0.900000;139;0.300000;0.244865;-36.42;500;False
bookWorld;1;1;32;0.900000;140;0.300000;0.242417;-38.15;500;False
bookWorld;1;1;32;0.900000;141;0.300000;0.239992;-23.36;500;False
bookWorld;1;1;32;0.900000;142;0.300000;0.237593;-24.22;500;False
bookWorld;1;1;32;0.900000;143;0.300000;0.235217;-22.99;500;False
bookWorld;1;1;32;0.900000;144;0.300000;0.232864;-23.37;500;False
bookWorld;1;1;32;0.900000;145;0.300000;0.230536;-25.39;500;False
bookWorld;1;1;32;0.900000;146;0.300000;0.228230;-21.18;500;False
bookWorld;1;1;32;0.900000;147;0.300000;0.225948;-25.44;500;False
bookWorld;1;1;32;0.900000;148;0.300000;0.223689;-26.08;500;False
bookWorld;1;1;32;0.900000;149;0.300000;0.221452;-20.92;500;False
bookWorld;1;1;32;0.900000;150;0.300000;0.219237;-24.85;500;False
bookWorld;1;1;32;0.900000;151;0.300000;0.217045;-22.62;500;False
bookWorld;1;1;32;0.900000;152;0.300000;0.214874;-21.44;500;False
bookWorld;1;1;32;0.900000;153;0.300000;0.212726;-30.91;500;False
bookWorld;1;1;32;0.900000;154;0.300000;0.210598;-31.43;500;False
bookWorld;1;1;32;0.900000;155;0.300000;0.208492;-21.24;500;False
bookWorld;1;1;32;0.900000;156;0.300000;0.206408;-27.54;500;False
bookWorld;1;1;32;0.900000;157;0.300000;0.204343;-24.09;500;False
bookWorld;1;1;32;0.900000;158;0.300000;0.202300;-25.03;500;False
bookWorld;1;1;32;0.900000;159;0.300000;0.200277;-21.46;500;False
bookWorld;1;1;32;0.900000;160;0.300000;0.198274;-21.09;500;False
bookWorld;1;1;32;0.900000;161;0.300000;0.196292;-24.92;500;False
bookWorld;1;1;32;0.900000;162;0.300000;0.194329;-23.47;500;False
bookWorld;1;1;32;0.900000;163;0.300000;0.192385;-24.63;500;False
bookWorld;1;1;32;0.900000;164;0.300000;0.190461;-29.75;500;False
bookWorld;1;1;32;0.900000;165;0.300000;0.188557;-23.34;500;False
bookWorld;1;1;32;0.900000;166;0.300000;0.186671;-24.70;500;False
bookWorld;1;1;32;0.900000;167;0.300000;0.184805;-22.53;500;False
bookWorld;1;1;32;0.900000;168;0.300000;0.182957;-22.61;500;False
bookWorld;1;1;32;0.900000;169;0.300000;0.181127;-25.27;500;False
bookWorld;1;1;32;0.900000;170;0.300000;0.179316;-24.41;500;False
bookWorld;1;1;32;0.900000;171;0.300000;0.177523;-19.95;500;False
bookWorld;1;1;32;0.900000;172;0.300000;0.175747;-22.97;500;False
bookWorld;1;1;32;0.900000;173;0.300000;0.173990;-22.33;500;False
bookWorld;1;1;32;0.900000;174;0.300000;0.172250;-23.49;500;False
bookWorld;1;1;32;0.900000;175;0.300000;0.170527;-23.48;500;False
bookWorld;1;1;32;0.900000;176;0.300000;0.168822;-20.03;500;False
bookWorld;1;1;32;0.900000;177;0.300000;0.167134;-22.84;500;False
bookWorld;1;1;32;0.900000;178;0.300000;0.165463;-25.58;500;False
bookWorld;1;1;32;0.900000;179;0.300000;0.163808;-22.67;500;False
bookWorld;1;1;32;0.900000;180;0.300000;0.162170;-20.29;500;False
bookWorld;1;1;32;0.900000;181;0.300000;0.160548;-22.31;500;False
bookWorld;1;1;32;0.900000;182;0.300000;0.158943;-21.94;500;False
bookWorld;1;1;32;0.900000;183;0.300000;0.157353;-21.06;500;False
bookWorld;1;1;32;0.900000;184;0.300000;0.155780;-22.48;500;False
bookWorld;1;1;32;0.900000;185;0.300000;0.154222;-21.81;500;False
bookWorld;1;1;32;0.900000;186;0.300000;0.152680;-20.66;500;False
bookWorld;1;1;32;0.900000;187;0.300000;0.151153;-20.11;500;False
bookWorld;1;1;32;0.900000;188;0.300000;0.149641;-24.17;500;False
bookWorld;1;1;32;0.900000;189;0.300000;0.148145;-23.15;500;False
bookWorld;1;1;32;0.900000;190;0.300000;0.146664;-22.15;500;False
bookWorld;1;1;32;0.900000;191;0.300000;0.145197;-21.08;500;False
bookWorld;1;1;32;0.900000;192;0.300000;0.143745;-22.79;500;False
bookWorld;1;1;32;0.900000;193;0.300000;0.142307;-23.90;500;False
bookWorld;1;1;32;0.900000;194;0.300000;0.140884;-21.72;500;False
bookWorld;1;1;32;0.900000;195;0.300000;0.139476;-21.08;500;False
bookWorld;1;1;32;0.900000;196;0.300000;0.138081;-21.26;500;False
bookWorld;1;1;32;0.900000;197;0.300000;0.136700;-29.02;500;False
bookWorld;1;1;32;0.900000;198;0.300000;0.135333;-20.19;500;False
bookWorld;1;1;32;0.900000;199;0.300000;0.133980;-24.40;500;False
bookWorld;1;1;32;0.900000;200;0.300000;0.132640;-22.19;500;False
bookWorld;1;1;32;0.900000;201;0.300000;0.131313;-22.46;500;False
bookWorld;1;1;32;0.900000;202;0.300000;0.130000;-21.10;500;False
bookWorld;1;1;32;0.900000;203;0.300000;0.128700;-22.48;500;False
bookWorld;1;1;32;0.900000;204;0.300000;0.127413;-22.55;500;False
bookWorld;1;1;32;0.900000;205;0.300000;0.126139;-23.97;500;False
bookWorld;1;1;32;0.900000;206;0.300000;0.124878;-20.23;500;False
bookWorld;1;1;32;0.900000;207;0.300000;0.123629;-20.27;500;False
bookWorld;1;1;32;0.900000;208;0.300000;0.122393;-27.28;500;False
bookWorld;1;1;32;0.900000;209;0.300000;0.121169;-21.61;500;False
bookWorld;1;1;32;0.900000;210;0.300000;0.119957;-20.02;500;False
bookWorld;1;1;32;0.900000;211;0.300000;0.118758;-23.46;500;False
bookWorld;1;1;32;0.900000;212;0.300000;0.117570;-20.90;500;False
bookWorld;1;1;32;0.900000;213;0.300000;0.116394;-20.97;500;False
bookWorld;1;1;32;0.900000;214;0.300000;0.115230;-24.05;500;False
bookWorld;1;1;32;0.900000;215;0.300000;0.114078;-20.35;500;False
bookWorld;1;1;32;0.900000;216;0.300000;0.112937;-21.06;500;False
bookWorld;1;1;32;0.900000;217;0.300000;0.111808;-20.40;500;False
bookWorld;1;1;32;0.900000;218;0.300000;0.110690;-20.14;500;False
bookWorld;1;1;32;0.900000;219;0.300000;0.109583;-20.32;500;False
bookWorld;1;1;32;0.900000;220;0.300000;0.108487;-21.68;500;False
bookWorld;1;1;32;0.900000;221;0.300000;0.107402;-21.83;500;False
bookWorld;1;1;32;0.900000;222;0.300000;0.106328;-22.09;500;False
bookWorld;1;1;32;0.900000;223;0.300000;0.105265;-22.06;500;False
bookWorld;1;1;32;0.900000;224;0.300000;0.104212;-20.03;500;False
bookWorld;1;1;32;0.900000;225;0.300000;0.103170;-20.20;500;False
bookWorld;1;1;32;0.900000;226;0.300000;0.102138;-20.07;500;False
bookWorld;1;1;32;0.900000;227;0.300000;0.101117;-22.31;500;False
bookWorld;1;1;32;0.900000;228;0.300000;0.100106;-23.06;500;False
bookWorld;1;1;32;0.900000;229;0.300000;0.099105;-21.31;500;False
bookWorld;1;1;32;0.900000;230;0.300000;0.098114;-23.39;500;False
bookWorld;1;1;32;0.900000;231;0.300000;0.097133;-21.53;500;False
bookWorld;1;1;32;0.900000;232;0.300000;0.096161;-20.37;500;False
bookWorld;1;1;32;0.900000;233;0.300000;0.095200;-21.25;500;False
bookWorld;1;1;32;0.900000;234;0.300000;0.094248;-21.67;500;False
bookWorld;1;1;32;0.900000;235;0.300000;0.093305;-21.45;500;False
bookWorld;1;1;32;0.900000;236;0.300000;0.092372;-20.01;500;False
bookWorld;1;1;32;0.900000;237;0.300000;0.091448;-21.31;500;False
bookWorld;1;1;32;0.900000;238;0.300000;0.090534;-20.27;500;False
bookWorld;1;1;32;0.900000;239;0.300000;0.089629;-20.18;500;False
bookWorld;1;1;32;0.900000;240;0.300000;0.088732;-21.18;500;False
bookWorld;1;1;32;0.900000;241;0.300000;0.087845;-20.63;500;False
bookWorld;1;1;32;0.900000;242;0.300000;0.086967;-22.54;500;False
bookWorld;1;1;32;0.900000;243;0.300000;0.086097;-21.71;500;False
bookWorld;1;1;32;0.900000;244;0.300000;0.085236;-20.22;500;False
bookWorld;1;1;32;0.900000;245;0.300000;0.084384;-21.11;500;False
bookWorld;1;1;32;0.900000;246;0.300000;0.083540;-22.56;500;False
bookWorld;1;1;32;0.900000;247;0.300000;0.082704;-21.85;500;False
bookWorld;1;1;32;0.900000;248;0.300000;0.081877;-22.09;500;False
bookWorld;1;1;32;0.900000;249;0.300000;0.081059;-23.00;500;False
bookWorld;1;1;32;0.900000;250;0.300000;0.080248;-22.37;500;False
bookWorld;1;1;32;0.900000;251;0.300000;0.079445;-20.20;500;False
bookWorld;1;1;32;0.900000;252;0.300000;0.078651;-20.94;500;False
bookWorld;1;1;32;0.900000;253;0.300000;0.077864;-22.73;500;False
bookWorld;1;1;32;0.900000;254;0.300000;0.077086;-20.37;500;False
bookWorld;1;1;32;0.900000;255;0.300000;0.076315;-20.17;500;False
bookWorld;1;1;32;0.900000;256;0.300000;0.075552;-22.09;500;False
bookWorld;1;1;32;0.900000;257;0.300000;0.074796;-21.44;500;False
bookWorld;1;1;32;0.900000;258;0.300000;0.074048;-19.90;500;False
bookWorld;1;1;32;0.900000;259;0.300000;0.073308;-30.52;500;False
bookWorld;1;1;32;0.900000;260;0.300000;0.072575;-24.15;500;False
bookWorld;1;1;32;0.900000;261;0.300000;0.071849;-20.00;500;False
bookWorld;1;1;32;0.900000;262;0.300000;0.071131;-24.12;500;False
bookWorld;1;1;32;0.900000;263;0.300000;0.070419;-21.84;500;False
bookWorld;1;1;32;0.900000;264;0.300000;0.069715;-20.46;500;False
bookWorld;1;1;32;0.900000;265;0.300000;0.069018;-20.95;500;False
bookWorld;1;1;32;0.900000;266;0.300000;0.068328;-20.28;500;False
bookWorld;1;1;32;0.900000;267;0.300000;0.067644;-20.16;500;False
bookWorld;1;1;32;0.900000;268;0.300000;0.066968;-20.00;500;False
bookWorld;1;1;32;0.900000;269;0.300000;0.066298;-21.60;500;False
bookWorld;1;1;32;0.900000;270;0.300000;0.065635;-20.03;500;False
bookWorld;1;1;32;0.900000;271;0.300000;0.064979;-28.38;500;False
bookWorld;1;1;32;0.900000;272;0.300000;0.064329;-21.76;500;False
bookWorld;1;1;32;0.900000;273;0.300000;0.063686;-20.00;500;False
bookWorld;1;1;32;0.900000;274;0.300000;0.063049;-20.07;500;False
bookWorld;1;1;32;0.900000;275;0.300000;0.062419;-20.82;500;False
bookWorld;1;1;32;0.900000;276;0.300000;0.061794;-20.31;500;False
bookWorld;1;1;32;0.900000;277;0.300000;0.061176;-20.17;500;False
bookWorld;1;1;32;0.900000;278;0.300000;0.060565;-20.88;500;False
bookWorld;1;1;32;0.900000;279;0.300000;0.059959;-19.99;500;False
bookWorld;1;1;32;0.900000;280;0.300000;0.059359;-20.00;500;False
bookWorld;1;1;32;0.900000;281;0.300000;0.058766;-20.29;500;False
bookWorld;1;1;32;0.900000;282;0.300000;0.058178;-20.13;500;False
bookWorld;1;1;32;0.900000;283;0.300000;0.057596;-21.50;500;False
bookWorld;1;1;32;0.900000;284;0.300000;0.057020;-23.78;500;False
bookWorld;1;1;32;0.900000;285;0.300000;0.056450;-20.05;500;False
bookWorld;1;1;32;0.900000;286;0.300000;0.055886;-22.43;500;False
bookWorld;1;1;32;0.900000;287;0.300000;0.055327;-26.60;500;False
bookWorld;1;1;32;0.900000;288;0.300000;0.054774;-20.00;500;False
bookWorld;1;1;32;0.900000;289;0.300000;0.054226;-20.45;500;False
bookWorld;1;1;32;0.900000;290;0.300000;0.053684;-20.00;500;False
bookWorld;1;1;32;0.900000;291;0.300000;0.053147;-24.31;500;False
bookWorld;1;1;32;0.900000;292;0.300000;0.052615;-18.01;500;False
bookWorld;1;1;32;0.900000;293;0.300000;0.052089;-22.30;500;False
bookWorld;1;1;32;0.900000;294;0.300000;0.051568;-20.45;500;False
bookWorld;1;1;32;0.900000;295;0.300000;0.051053;-18.57;500;False
bookWorld;1;1;32;0.900000;296;0.300000;0.050542;-22.64;500;False
bookWorld;1;1;32;0.900000;297;0.300000;0.050037;-20.84;500;False
bookWorld;1;1;32;0.900000;298;0.300000;0.049536;-20.41;500;False
bookWorld;1;1;32;0.900000;299;0.300000;0.049041;-20.00;500;False
bookWorld;1;1;32;0.900000;300;0.300000;0.048550;-20.00;500;False
bookWorld;1;1;32;0.900000;301;0.300000;0.048065;-23.85;500;False
bookWorld;1;1;32;0.900000;302;0.300000;0.047584;-20.28;500;False
bookWorld;1;1;32;0.900000;303;0.300000;0.047108;-20.00;500;False
bookWorld;1;1;32;0.900000;304;0.300000;0.046637;-20.94;500;False
bookWorld;1;1;32;0.900000;305;0.300000;0.046171;-23.00;500;False
bookWorld;1;1;32;0.900000;306;0.300000;0.045709;-20.06;500;False
bookWorld;1;1;32;0.900000;307;0.300000;0.045252;-20.00;500;False
bookWorld;1;1;32;0.900000;308;0.300000;0.044800;-20.03;500;False
bookWorld;1;1;32;0.900000;309;0.300000;0.044352;-20.37;500;False
bookWorld;1;1;32;0.900000;310;0.300000;0.043908;-21.43;500;False
bookWorld;1;1;32;0.900000;311;0.300000;0.043469;-20.10;500;False
bookWorld;1;1;32;0.900000;312;0.300000;0.043034;-22.01;500;False
bookWorld;1;1;32;0.900000;313;0.300000;0.042604;-20.02;500;False
bookWorld;1;1;32;0.900000;314;0.300000;0.042178;-20.62;500;False
bookWorld;1;1;32;0.900000;315;0.300000;0.041756;-20.82;500;False
bookWorld;1;1;32;0.900000;316;0.300000;0.041339;-22.78;500;False
bookWorld;1;1;32;0.900000;317;0.300000;0.040925;-20.74;500;False
bookWorld;1;1;32;0.900000;318;0.300000;0.040516;-20.01;500;False
bookWorld;1;1;32;0.900000;319;0.300000;0.040111;-20.77;500;False
bookWorld;1;1;32;0.900000;320;0.300000;0.039710;-20.00;500;False
bookWorld;1;1;32;0.900000;321;0.300000;0.039313;-20.00;500;False
bookWorld;1;1;32;0.900000;322;0.300000;0.038920;-20.00;500;False
bookWorld;1;1;32;0.900000;323;0.300000;0.038530;-22.44;500;False
bookWorld;1;1;32;0.900000;324;0.300000;0.038145;-20.07;500;False
bookWorld;1;1;32;0.900000;325;0.300000;0.037764;-20.73;500;False
bookWorld;1;1;32;0.900000;326;0.300000;0.037386;-20.00;500;False
bookWorld;1;1;32;0.900000;327;0.300000;0.037012;-22.19;500;False
bookWorld;1;1;32;0.900000;328;0.300000;0.036642;-20.00;500;False
bookWorld;1;1;32;0.900000;329;0.300000;0.036276;-20.19;500;False
bookWorld;1;1;32;0.900000;330;0.300000;0.035913;-20.00;500;False
bookWorld;1;1;32;0.900000;331;0.300000;0.035554;-20.03;500;False
bookWorld;1;1;32;0.900000;332;0.300000;0.035198;-20.00;500;False
bookWorld;1;1;32;0.900000;333;0.300000;0.034846;-20.12;500;False
bookWorld;1;1;32;0.900000;334;0.300000;0.034498;-20.00;500;False
bookWorld;1;1;32;0.900000;335;0.300000;0.034153;-20.22;500;False
bookWorld;1;1;32;0.900000;336;0.300000;0.033811;-20.00;500;False
bookWorld;1;1;32;0.900000;337;0.300000;0.033473;-22.19;500;False
bookWorld;1;1;32;0.900000;338;0.300000;0.033138;-20.10;500;False
bookWorld;1;1;32;0.900000;339;0.300000;0.032807;-20.01;500;False
bookWorld;1;1;32;0.900000;340;0.300000;0.032479;-20.02;500;False
bookWorld;1;1;32;0.900000;341;0.300000;0.032154;-20.05;500;False
bookWorld;1;1;32;0.900000;342;0.300000;0.031833;-22.70;500;False
bookWorld;1;1;32;0.900000;343;0.300000;0.031514;-20.00;500;False
bookWorld;1;1;32;0.900000;344;0.300000;0.031199;-22.15;500;False
bookWorld;1;1;32;0.900000;345;0.300000;0.030887;-20.00;500;False
bookWorld;1;1;32;0.900000;346;0.300000;0.030578;-20.00;500;False
bookWorld;1;1;32;0.900000;347;0.300000;0.030272;-21.60;500;False
bookWorld;1;1;32;0.900000;348;0.300000;0.029970;-20.00;500;False
bookWorld;1;1;32;0.900000;349;0.300000;0.029670;-20.26;500;False
bookWorld;1;1;32;0.900000;350;0.300000;0.029373;-21.29;500;False
bookWorld;1;1;32;0.900000;351;0.300000;0.029080;-20.00;500;False
bookWorld;1;1;32;0.900000;352;0.300000;0.028789;-23.46;500;False
bookWorld;1;1;32;0.900000;353;0.300000;0.028501;-20.00;500;False
bookWorld;1;1;32;0.900000;354;0.300000;0.028216;-20.69;500;False
bookWorld;1;1;32;0.900000;355;0.300000;0.027934;-20.94;500;False
bookWorld;1;1;32;0.900000;356;0.300000;0.027654;-20.00;500;False
bookWorld;1;1;32;0.900000;357;0.300000;0.027378;-20.36;500;False
bookWorld;1;1;32;0.900000;358;0.300000;0.027104;-21.43;500;False
bookWorld;1;1;32;0.900000;359;0.300000;0.026833;-20.00;500;False
bookWorld;1;1;32;0.900000;360;0.300000;0.026565;-19.32;500;False
bookWorld;1;1;32;0.900000;361;0.300000;0.026299;-20.00;500;False
bookWorld;1;1;32;0.900000;362;0.300000;0.026036;-20.04;500;False
bookWorld;1;1;32;0.900000;363;0.300000;0.025776;-22.94;500;False
bookWorld;1;1;32;0.900000;364;0.300000;0.025518;-20.13;500;False
bookWorld;1;1;32;0.900000;365;0.300000;0.025263;-20.03;500;False
bookWorld;1;1;32;0.900000;366;0.300000;0.025010;-20.00;500;False
bookWorld;1;1;32;0.900000;367;0.300000;0.024760;-20.13;500;False
bookWorld;1;1;32;0.900000;368;0.300000;0.024512;-20.00;500;False
bookWorld;1;1;32;0.900000;369;0.300000;0.024267;-20.06;500;False
bookWorld;1;1;32;0.900000;370;0.300000;0.024025;-20.07;500;False
bookWorld;1;1;32;0.900000;371;0.300000;0.023784;-20.00;500;False
bookWorld;1;1;32;0.900000;372;0.300000;0.023547;-20.45;500;False
bookWorld;1;1;32;0.900000;373;0.300000;0.023311;-20.00;500;False
bookWorld;1;1;32;0.900000;374;0.300000;0.023078;-20.00;500;False
bookWorld;1;1;32;0.900000;375;0.300000;0.022847;-20.01;500;False
bookWorld;1;1;32;0.900000;376;0.300000;0.022619;-20.00;500;False
bookWorld;1;1;32;0.900000;377;0.300000;0.022393;-20.00;500;False
bookWorld;1;1;32;0.900000;378;0.300000;0.022169;-20.00;500;False
bookWorld;1;1;32;0.900000;379;0.300000;0.021947;-20.00;500;False
bookWorld;1;1;32;0.900000;380;0.300000;0.021727;-20.69;500;False
bookWorld;1;1;32;0.900000;381;0.300000;0.021510;-21.83;500;False
bookWorld;1;1;32;0.900000;382;0.300000;0.021295;-20.00;500;False
bookWorld;1;1;32;0.900000;383;0.300000;0.021082;-20.00;500;False
bookWorld;1;1;32;0.900000;384;0.300000;0.020871;-20.15;500;False
bookWorld;1;1;32;0.900000;385;0.300000;0.020663;-20.00;500;False
bookWorld;1;1;32;0.900000;386;0.300000;0.020456;-21.77;500;False
bookWorld;1;1;32;0.900000;387;0.300000;0.020251;-20.00;500;False
bookWorld;1;1;32;0.900000;388;0.300000;0.020049;-20.01;500;False
bookWorld;1;1;32;0.900000;389;0.300000;0.019848;-20.01;500;False
bookWorld;1;1;32;0.900000;390;0.300000;0.019650;-23.00;500;False
bookWorld;1;1;32;0.900000;391;0.300000;0.019453;-20.02;500;False
bookWorld;1;1;32;0.900000;392;0.300000;0.019259;-23.00;500;False
bookWorld;1;1;32;0.900000;393;0.300000;0.019066;-20.00;500;False
bookWorld;1;1;32;0.900000;394;0.300000;0.018876;-20.95;500;False
bookWorld;1;1;32;0.900000;395;0.300000;0.018687;-20.41;500;False
bookWorld;1;1;32;0.900000;396;0.300000;0.018500;-20.94;500;False
bookWorld;1;1;32;0.900000;397;0.300000;0.018315;-20.00;500;False
bookWorld;1;1;32;0.900000;398;0.300000;0.018132;-20.69;500;False
bookWorld;1;1;32;0.900000;399;0.300000;0.017951;-20.00;500;False
bookWorld;1;1;32;0.900000;400;0.300000;0.017771;-20.00;500;False
bookWorld;1;1;32;0.900000;401;0.300000;0.017593;-20.00;500;False
bookWorld;1;1;32;0.900000;402;0.300000;0.017417;-20.05;500;False
bookWorld;1;1;32;0.900000;403;0.300000;0.017243;-20.00;500;False
bookWorld;1;1;32;0.900000;404;0.300000;0.017071;-20.00;500;False
bookWorld;1;1;32;0.900000;405;0.300000;0.016900;-20.83;500;False
bookWorld;1;1;32;0.900000;406;0.300000;0.016731;-20.09;500;False
bookWorld;1;1;32;0.900000;407;0.300000;0.016564;-20.01;500;False
bookWorld;1;1;32;0.900000;408;0.300000;0.016398;-20.14;500;False
bookWorld;1;1;32;0.900000;409;0.300000;0.016234;-20.02;500;False
bookWorld;1;1;32;0.900000;410;0.300000;0.016072;-20.00;500;False
bookWorld;1;1;32;0.900000;411;0.300000;0.015911;-20.00;500;False
bookWorld;1;1;32;0.900000;412;0.300000;0.015752;-20.00;500;False
bookWorld;1;1;32;0.900000;413;0.300000;0.015594;-20.48;500;False
bookWorld;1;1;32;0.900000;414;0.300000;0.015439;-20.00;500;False
bookWorld;1;1;32;0.900000;415;0.300000;0.015284;-20.00;500;False
bookWorld;1;1;32;0.900000;416;0.300000;0.015131;-20.00;500;False
bookWorld;1;1;32;0.900000;417;0.300000;0.014980;-20.00;500;False
bookWorld;1;1;32;0.900000;418;0.300000;0.014830;-20.00;500;False
bookWorld;1;1;32;0.900000;419;0.300000;0.014682;-19.94;500;False
bookWorld;1;1;32;0.900000;420;0.300000;0.014535;-20.00;500;False
bookWorld;1;1;32;0.900000;421;0.300000;0.014390;-20.00;500;False
bookWorld;1;1;32;0.900000;422;0.300000;0.014246;-20.00;500;False
bookWorld;1;1;32;0.900000;423;0.300000;0.014103;-20.00;500;False
bookWorld;1;1;32;0.900000;424;0.300000;0.013962;-20.00;500;False
bookWorld;1;1;32;0.900000;425;0.300000;0.013823;-20.00;500;False
bookWorld;1;1;32;0.900000;426;0.300000;0.013684;-20.41;500;False
bookWorld;1;1;32;0.900000;427;0.300000;0.013548;-20.00;500;False
bookWorld;1;1;32;0.900000;428;0.300000;0.013412;-20.00;500;False
bookWorld;1;1;32;0.900000;429;0.300000;0.013278;-20.00;500;False
bookWorld;1;1;32;0.900000;430;0.300000;0.013145;-20.00;500;False
bookWorld;1;1;32;0.900000;431;0.300000;0.013014;-20.00;500;False
bookWorld;1;1;32;0.900000;432;0.300000;0.012884;-20.00;500;False
bookWorld;1;1;32;0.900000;433;0.300000;0.012755;-20.00;500;False
bookWorld;1;1;32;0.900000;434;0.300000;0.012627;-20.00;500;False
bookWorld;1;1;32;0.900000;435;0.300000;0.012501;-20.00;500;False
bookWorld;1;1;32;0.900000;436;0.300000;0.012376;-20.00;500;False
bookWorld;1;1;32;0.900000;437;0.300000;0.012252;-20.14;500;False
bookWorld;1;1;32;0.900000;438;0.300000;0.012130;-20.16;500;False
bookWorld;1;1;32;0.900000;439;0.300000;0.012008;-20.00;500;False
bookWorld;1;1;32;0.900000;440;0.300000;0.011888;-20.00;500;False
bookWorld;1;1;32;0.900000;441;0.300000;0.011769;-20.86;500;False
bookWorld;1;1;32;0.900000;442;0.300000;0.011652;-20.05;500;False
bookWorld;1;1;32;0.900000;443;0.300000;0.011535;-20.00;500;False
bookWorld;1;1;32;0.900000;444;0.300000;0.011420;-22.59;500;False
bookWorld;1;1;32;0.900000;445;0.300000;0.011306;-20.04;500;False
bookWorld;1;1;32;0.900000;446;0.300000;0.011193;-21.05;500;False
bookWorld;1;1;32;0.900000;447;0.300000;0.011081;-20.00;500;False
bookWorld;1;1;32;0.900000;448;0.300000;0.010970;-20.28;500;False
bookWorld;1;1;32;0.900000;449;0.300000;0.010860;-20.45;500;False
bookWorld;1;1;32;0.900000;450;0.300000;0.010752;-20.00;500;False
bookWorld;1;1;32;0.900000;451;0.300000;0.010644;-20.00;500;False
bookWorld;1;1;32;0.900000;452;0.300000;0.010538;-20.00;500;False
bookWorld;1;1;32;0.900000;453;0.300000;0.010432;-20.00;500;False
bookWorld;1;1;32;0.900000;454;0.300000;0.010328;-20.00;500;False
bookWorld;1;1;32;0.900000;455;0.300000;0.010225;-20.00;500;False
bookWorld;1;1;32;0.900000;456;0.300000;0.010122;-20.00;500;False
bookWorld;1;1;32;0.900000;457;0.300000;0.010021;-20.08;500;False
bookWorld;1;1;32;0.900000;458;0.300000;0.010000;-20.00;500;False
bookWorld;1;1;32;0.900000;459;0.300000;0.010000;-20.69;500;False
bookWorld;1;1;32;0.900000;460;0.300000;0.010000;-20.00;500;False
bookWorld;1;1;32;0.900000;461;0.300000;0.010000;-20.00;500;False
bookWorld;1;1;32;0.900000;462;0.300000;0.010000;-20.00;500;False
bookWorld;1;1;32;0.900000;463;0.300000;0.010000;-20.00;500;False
bookWorld;1;1;32;0.900000;464;0.300000;0.010000;-20.00;500;False
bookWorld;1;1;32;0.900000;465;0.300000;0.010000;-20.00;500;False
bookWorld;1;1;32;0.900000;466;0.300000;0.010000;-20.00;500;False
bookWorld;1;1;32;0.900000;467;0.300000;0.010000;-20.02;500;False
bookWorld;1;1;32;0.900000;468;0.300000;0.010000;-20.00;500;False
bookWorld;1;1;32;0.900000;469;0.300000;0.010000;-20.00;500;False
bookWorld;1;1;32;0.900000;470;0.300000;0.010000;-20.95;500;False
bookWorld;1;1;32;0.900000;471;0.300000;0.010000;-20.00;500;False
bookWorld;1;1;32;0.900000;472;0.300000;0.010000;-20.00;500;False
bookWorld;1;1;32;0.900000;473;0.300000;0.010000;-20.03;500;False
bookWorld;1;1;32;0.900000;474;0.300000;0.010000;-20.00;500;False
bookWorld;1;1;32;0.900000;475;0.300000;0.010000;-23.14;500;False
bookWorld;1;1;32;0.900000;476;0.300000;0.010000;-20.00;500;False
bookWorld;1;1;32;0.900000;477;0.300000;0.010000;-20.00;500;False
bookWorld;1;1;32;0.900000;478;0.300000;0.010000;-20.00;500;False
bookWorld;1;1;32;0.900000;479;0.300000;0.010000;-20.00;500;False
bookWorld;1;1;32;0.900000;480;0.300000;0.010000;-20.38;500;False
bookWorld;1;1;32;0.900000;481;0.300000;0.010000;-20.00;500;False
bookWorld;1;1;32;0.900000;482;0.300000;0.010000;-20.00;500;False
bookWorld;1;1;32;0.900000;483;0.300000;0.010000;-20.00;500;False
bookWorld;1;1;32;0.900000;484;0.300000;0.010000;-20.00;500;False
bookWorld;1;1;32;0.900000;485;0.300000;0.010000;-21.16;500;False
bookWorld;1;1;32;0.900000;486;0.300000;0.010000;-20.00;500;False
bookWorld;1;1;32;0.900000;487;0.300000;0.010000;-20.00;500;False
bookWorld;1;1;32;0.900000;488;0.300000;0.010000;-20.01;500;False
bookWorld;1;1;32;0.900000;489;0.300000;0.010000;-20.00;500;False
bookWorld;1;1;32;0.900000;490;0.300000;0.010000;-20.01;500;False
bookWorld;1;1;32;0.900000;491;0.300000;0.010000;-20.00;500;False
bookWorld;1;1;32;0.900000;492;0.300000;0.010000;-20.00;500;False
bookWorld;1;1;32;0.900000;493;0.300000;0.010000;-20.00;500;False
bookWorld;1;1;32;0.900000;494;0.300000;0.010000;-20.00;500;False
bookWorld;1;1;32;0.900000;495;0.300000;0.010000;-21.63;500;False
bookWorld;1;1;32;0.900000;496;0.300000;0.010000;-20.00;500;False
bookWorld;1;1;32;0.900000;497;0.300000;0.010000;-20.00;500;False
bookWorld;1;1;32;0.900000;498;0.300000;0.010000;-20.00;500;False
bookWorld;1;1;32;0.900000;499;0.300000;0.010000;-20.00;500;False
